budget_unit,label,budget_unit_description
120002,PGE Grant,PGE Grant
120010,PACE,DCS PACE PROGRAM OVERSIGHT
120011,Resilience,DCS RESILIENCE
120003,Planning,GF PLANNING
120013,CE Main,GF CODE ENFORCEMENT
120015,CE Abatement,CODE ENFORCEMENT ABATEMENT PROG
120019,Bldg Seismic,BUILDING ENTERPRISE FD SEISMIC
120020,Bldg Disabled Access,BUILDING ENTERPRISE FD DISABILITY
120021,Bldg Enterprise,BUILDING ENTERPRISE FD BLDG
120041,Bldg Tech Recovery,BUILDING ENTERPRISE FD TECH COST RECOVERY
120026,PW Road,ROAD FUND
120027,PW Admin,ROAD FUND ADMINISTRATION
120028,PW Engineering,ROAD FUND ENGINEERING
120029,PW Maintenance,ROAD FUND ROAD MAINTENANCE
